well,mutant,expected,verdicts,n_pass,aa1,aa2,aa3
A01,V5F,V5F,PASS|WRONG_AA|PASS,2,V5F,V5L,V5F
A02,K53R,K53R,PASS|MIXED|PASS,3,K53R,K53R,K53R
A03,R87P,R87P,WRONG_AA|WRONG_AA|WRONG_AA,0,,,
A04,Q132M,Q132M,PASS|PASS|WRONG_AA,2,Q132M,Q132M,
A05,V218L,V218L,WRONG_AA|WRONG_AA|WRONG_AA,0,V218W,V218W,V218W
A06,V248L,V248L,PASS|FRAMESHIFT|PASS,3,V248L,V248L,V248L
A07,T267H,T267H,WRONG_AA|PASS|AMBIGUOUS,1,G104S;T267H,T267H,V263M;T267H
A08,Y360F,Y360F,WRONG_AA|WRONG_AA|WRONG_AA,0,,,
A09,Q426N,Q426N,PASS|PASS|LOWDEPTH,3,Q426N,Q426N,Q426N
A10,R477Q,R477Q,PASS|WRONG_AA|PASS,2,R477Q,R477E,R477Q
A11,Q525N,Q525N,PASS|PASS|NO_CALL,3,Q525N,Q525N,Q525N
A12,T552L,T552L,PASS|WRONG_AA|PASS,2,T552L,,T552L
B01,V10L,V10L,PASS|BOGUS|PASS,3,V10L,V10L,V10L
B02,K53S,K53S,PASS|PASS|PASS,3,K53S,K53S,K53S
B03,R93A,R93A,WRONG_AA|WRONG_AA|AMBIGUOUS,0,R93T,R93T,F88L;R93A
B04,Q132W,Q132W,PASS|PASS|PASS,3,Q132W,Q132W,Q132W
B05,S220F,S220F,PASS|MANY|MANY,1,S220F,E216R;A217L;V218C;L219C;S220L;I221L;E222K;A223H;Y224T;R225V;,L219R;S220L;I221L;E222K;A223H;Y224T;R225V;K226R;E228K;D229M;
B06,R251W,R251W,PASS|PASS|PASS,3,R251W,R251W,R251W
B07,H270N,H270N,PASS|WRONG_AA|PASS,2,H270N,,H270N
B08,T397V,T397V,PASS|PASS|PASS,3,T397V,T397V,T397V
B09,I428V,I428V,AMBIGUOUS|WRONG_AA|WRONG_AA,0,A423P;I428V,,
B10,R477H,R477H,PASS|PASS|PASS,3,R477H,R477H,R477H
B11,T537A,T537A,PASS|PASS|PASS,3,T537A,T537A,T537A
B12,L556W,L556W,PASS|PASS|PASS,3,L556W,L556W,L556W
C01,S11E,S11E,PASS|PASS|PASS,3,S11E,S11E,S11E
C02,K53N,K53N,PASS|PASS|AMBIGUOUS,2,K53N,K53N,K48R;K53N
C03,V100F,V100F,PASS|PASS|PASS,3,V100F,V100F,V100F
C04,H183W,H183W,PASS|PASS|PASS,3,H183W,H183W,H183W
C05,E222D,E222D,MANY|MANY|MANY,0,Q213P;R214V;L215W;E216R;A217L;V218C;L219C;S220P;I221L;E222K;,Q213P;R214V;L215W;E216R;A217L;V218C;L219C;S220P;I221L;E222K;,R214V;L215W;E216R;A217L;V218C;L219C;S220P;I221L;E222K;A223H;
C06,R254I,R254I,PASS|PASS|PASS,3,R254I,R254I,R254I
C07,V286I,V286I,PASS|PASS|PASS,3,V286I,V286I,V286I
C08,D401E,D401E,WRONG_AA|PASS|PASS,2,D401K,D401E,D401E
C09,I442V,I442V,PASS|PASS|PASS,3,I442V,I442V,I442V
C10,R477A,R477A,WRONG_AA|PASS|PASS,2,,R477A,R477A
C11,V547I,V547I,PASS|PASS|WRONG_AA,2,V547I,V547I,
C12,E559D,E559D,PASS|WRONG_AA|PASS,2,E559D,S247F;E559D,E559D
D01,N28T,N28T,PASS|PASS|PASS,3,N28T,N28T,N28T
D02,I62C,I62C,PASS|PASS|PASS,3,I62C,I62C,I62C
D03,V108F,V108F,PASS|PASS|WRONG_AA,2,V108F,V108F,V100F
D04,E189D,E189D,PASS|PASS|PASS,3,E189D,E189D,E189D
D05,R225K,R225K,PASS|PASS|PASS,3,R225K,R225K,R225K
D06,R254L,R254L,PASS|WRONG_AA|PASS,2,R254L,,R254L
D07,V299I,V299I,PASS|PASS|PASS,3,V299I,V299I,V299I
D08,K409M,K409M,PASS|PASS|PASS,3,K409M,K409M,K409M
D09,H448L,H448L,PASS|PASS|PASS,3,H448L,H448L,H448L
D10,T478L,T478L,PASS|PASS|MANY,2,T478L,T478L,T478L;G480A;I481S;S482A;E483K;E484N;L485W;A486L;T487P;E488N;
D11,V550P,V550P,PASS|PASS|WRONG_AA,2,V550P,V550P,A230V;V550P
D12,R560G,R560G,PASS|PASS|PASS,3,R560G,R560G,R560G
E01,D31N,D31N,PASS|PASS|WRONG_AA,2,D31N,D31N,D31H
E02,N63S,N63S,PASS|AMBIGUOUS|PASS,2,N63S,V58A;N63S,N63S
E03,V108I,V108I,PASS|PASS|WRONG_AA,2,V108I,V108I,V108F
E04,H209C,H209C,PASS|PASS|PASS,3,H209C,H209C,H209C
E05,R225L,R225L,PASS|PASS|WRONG_AA,2,R225L,R225L,
E06,T256A,T256A,PASS|PASS|PASS,3,T256A,T256A,T256A
E07,I308V,I308V,PASS|PASS|PASS,3,I308V,I308V,I308V
E08,K409S,K409S,AMBIGUOUS|PASS|WRONG_AA,1,F404L;K409S,K409S,
E09,H448M,H448M,PASS|PASS|PASS,3,H448M,H448M,H448M
E10,T478F,T478F,AMBIGUOUS|PASS|PASS,2,S473P;T478F,T478F,T478F
E11,V550C,V550C,WRONG_AA|WRONG_AA|WRONG_AA,0,V550L,V550L,V550L
E12,R560A,R560A,WRONG_AA|PASS|WRONG_AA,1,,R560A;?561del,
F01,I44V,I44V,PASS|PASS|PASS,3,I44V,I44V,I44V
F02,N63F,N63F,PASS|PASS|PASS,3,N63F,N63F,N63F
F03,V108L,V108L,PASS|PASS|PASS,3,V108L,V108L,V108L
F04,Q213T,Q213T,PASS|PASS|PASS,3,Q213T,Q213T,Q213T
F05,R225Q,R225Q,PASS|PASS|PASS,3,R225Q,R225Q,R225Q
F06,R261W,R261W,WRONG_AA|PASS|WRONG_AA,1,,R261W,
F07,V334I,V334I,PASS|PASS|PASS,3,V334I,V334I,V334I
F08,V424W,V424W,PASS|PASS|WRONG_AA,2,V424W,V424W,V424R
F09,H448I,H448I,PASS|WRONG_AA|PASS,2,H448I,,H448I
F10,T478C,T478C,AMBIGUOUS|PASS|PASS,2,S473P;T478C,T478C,T478C
F11,I551L,I551L,PASS|PASS|WRONG_AA,2,I551L,I551L,E559G
F12,R560S,R560S,PASS|WRONG_AA|WRONG_AA,1,R560S,R560P,R560P
G01,V46I,V46I,PASS|PASS|PASS,3,V46I,V46I,V46I
G02,N64W,N64W,WRONG_AA|WRONG_AA|MANY,0,,V58A;N63S;A117T,S411K;S412A;G413L;P414A;L415R;Q416C;L417N;V418W;F419S;Y421P;
G03,S112M,S112M,MANY|WRONG_AA|WRONG_AA,0,A23Q;N24P;Y25*;E26A;P27K;N28L;S29L;W30G;D31L;Y32R;D33L;Y34S;,,F558L;E559N;R560A;?561del
G04,R214P,R214P,PASS|PASS|PASS,3,R214P,R214P,R214P
G05,K227I,K227I,WRONG_AA|PASS|PASS,2,K227V,K227I,K227I
G06,R261N,R261N,WRONG_AA|WRONG_AA|WRONG_AA,0,,,
G07,D339E,D339E,PASS|PASS|PASS,3,D339E,D339E,D339E
G08,Q426D,Q426D,PASS|PASS|PASS,3,Q426D,Q426D,Q426D
G09,H448V,H448V,PASS|PASS|PASS,3,H448V,H448V,H448V
G10,T487N,T487N,PASS|PASS|PASS,3,T487N,T487N,T487N
G11,T552F,T552F,PASS|PASS|PASS,3,T552F,T552F,T552F
G12,R560P,R560P,WRONG_AA|PASS|PASS,2,,R560P,R560P
H01,Y47F,Y47F,PASS|PASS|PASS,3,Y47F,Y47F,Y47F
H02,R87M,R87M,WRONG_AA|WRONG_AA|WRONG_AA,0,,,
H03,R124W,R124W,PASS|PASS|AMBIGUOUS,2,R124W,R124W,S119F;R124W
H04,L215F,L215F,PASS|PASS|PASS,3,L215F,L215F,L215F
H05,E228D,E228D,WRONG_AA|WRONG_AA|WRONG_AA,0,E228I,E228I,E228I
H06,T267W,T267W,PASS|PASS|PASS,3,T267W,T267W,T267W
H07,L346F,L346F,PASS|PASS|PASS,3,L346F,L346F,L346F
H08,Q426E,Q426E,PASS|PASS|MANY,2,Q426E,Q426E,F422S;A423R;V424*;V425W;Q426K;N427T;I428S;K430R;E431K;E432R;
H09,H448F,H448F,PASS|PASS|WRONG_AA,2,H448F,H448F,H448L
H10,G508D,G508D,PASS|WRONG_AA|PASS,2,G508D,V286A;G508D,G508D
H11,T552Y,T552Y,PASS|WRONG_AA|PASS,2,T552Y,,T552Y
H12,WT,,PASS|PASS|PASS,3,,,
