variant,mutation,y_pred
R467P,R467P,0.9899
G92K,G92K,0.9821
V101K,V101K,0.9219
E427A,E427A,0.9194
P480F,P480F,0.9167
T441F,T441F,0.8933
R184H,R184H,0.8899
G431A,G431A,0.8719
E151P,E151P,0.8657
L107T,L107T,0.85
E390L,E390L,0.8421
E427Y,E427Y,0.8267
K108Q,K108Q,0.8256
Q349F,Q349F,0.8042
T466Q,T466Q,0.7982
L90W,L90W,0.7897
L465A,L465A,0.7818
D364A,D364A,0.7662
S412F,S412F,0.7644
W301H,W301H,0.7623
T391C,T391C,0.7618
I478E,I478E,0.7568
E178R,E178R,0.7514
D152C,D152C,0.7494
G50V,G50V,0.7418
G27V,G27V,0.7384
F438V,F438V,0.7362
Y398H,Y398H,0.7213
P369W,P369W,0.7193
D325Y,D325Y,0.7186
P480I,P480I,0.7036
G4M,G4M,0.7036
I293P,I293P,0.7025
D324G,D324G,0.6963
I144D,I144D,0.6893
T230Y,T230Y,0.6814
A458C,A458C,0.6733
A446Q,A446Q,0.6689
L479K,L479K,0.6686
P462V,P462V,0.6652
Q64P,Q64P,0.6605
A140M,A140M,0.6548
G4P,G4P,0.6395
N261K,N261K,0.632
D14N,D14N,0.5696
P295V,P295V,0.5067
R47L,R47L,0.4827
I260Q,I260Q,0.4809
E253W,E253W,0.4308
F248A,F248A,0.4139
