variant,activity,replicate_idx
28A,2.41,1
28A,2.38,2
28A,2.44,3
78A,1.86,1
78A,1.83,2
78A,1.9,3
88V,3.12,1
88V,3.07,2
88V,3.15,3
97A,0.62,1
97A,0.59,2
97A,0.66,3
124A,1.54,1
124A,1.51,2
124A,1.57,3
150A,1.19,1
150A,1.16,2
150A,1.22,3
163A,0.88,1
163A,0.85,2
163A,0.91,3
175A,1.33,1
175A,1.3,2
175A,1.36,3
190A,0.47,1
190A,0.44,2
190A,0.5,3
200A,1.05,1
200A,1.02,2
200A,1.08,3
215A,0.95,1
215A,0.92,2
215A,0.98,3
205A,1.42,1
205A,1.38,2
205A,1.46,3
210A,0.71,1
210A,0.68,2
210A,0.74,3
227V,1.68,1
227V,1.64,2
227V,1.72,3
235A,0.55,1
235A,0.52,2
235A,0.58,3
239A,1.2,1
239A,1.16,2
239A,1.24,3
