variant,mutation,y_pred
N267F,N267F,0.9967
Q163W,Q163W,0.9957
G28I,G28I,0.9866
I132P,I132P,0.9808
Y41H,Y41H,0.9803
S275R,S275R,0.9668
K48N,K48N,0.9654
D38A,D38A,0.9651
V224Q,V224Q,0.9651
C13L,C13L,0.9596
G70L,G70L,0.9493
G137P,G137P,0.9448
C361R,C361R,0.9414
P68G,P68G,0.9367
Y115H,Y115H,0.9279
Y36C,Y36C,0.9176
S377D,S377D,0.9172
S326Q,S326Q,0.9131
K90T,K90T,0.9129
R355Y,R355Y,0.9098
Y34V,Y34V,0.9095
V42R,V42R,0.9005
L214P,L214P,0.8971
F372N,F372N,0.8965
W164V,W164V,0.8943
V23Y,V23Y,0.8917
L214E,L214E,0.8831
F111Q,F111Q,0.8829
K93W,K93W,0.8746
K63I,K63I,0.8738
E374C,E374C,0.8724
L228I,L228I,0.8688
F293I,F293I,0.8671
E179S,E179S,0.8666
L51E,L51E,0.8626
S332F,S332F,0.8507
A99V,A99V,0.8416
H297P,H297P,0.8372
F50V,F50V,0.833
I260N,I260N,0.8288
E167R,E167R,0.8205
R96A,R96A,0.8099
D284G,D284G,0.8065
H189K,H189K,0.803
C19M,C19M,0.7979
H87L,H87L,0.7923
S52C,S52C,0.7855
F263W,F263W,0.7853
H155D,H155D,0.7852
W271I,W271I,0.785
E167K,E167K,0.7816
I363S,I363S,0.7795
E33P,E33P,0.779
H87G,H87G,0.775
I31L,I31L,0.7645
N200T,N200T,0.7629
E58F,E58F,0.7616
S56F,S56F,0.7439
R105E,R105E,0.7427
C19I,C19I,0.7304
G273F,G273F,0.7247
K168P,K168P,0.7062
A108T,A108T,0.6946
I367K,I367K,0.6924
Q2V,Q2V,0.6895
H245F,H245F,0.6857
A136W,A136W,0.6836
H12Q,H12Q,0.6791
D30N,D30N,0.674
K97W,K97W,0.6738
L321A,L321A,0.6683
P122R,P122R,0.6623
W188I,W188I,0.6603
Q156A,Q156A,0.6502
H376S,H376S,0.6377
W129I,W129I,0.6281
C361Y,C361Y,0.628
Q248L,Q248L,0.5994
V279S,V279S,0.5949
T274P,T274P,0.5947
N250A,N250A,0.594
Q308W,Q308W,0.5802
P161M,P161M,0.5793
I47K,I47K,0.5788
A237P,A237P,0.5781
S283V,S283V,0.5611
V197A,V197A,0.561
I294F,I294F,0.5471
H297Q,H297Q,0.5392
I181A,I181A,0.5384
S322C,S322C,0.5299
F50M,F50M,0.5187
A100C,A100C,0.5143
F204K,F204K,0.5045
D231Q,D231Q,0.5001
