variant,y_pred,y_actual,y_actual_scaled,dist_metric,std_predictions
R264K,1.823,1.750,0.720,0.45,0.08
R264K/F338Y,2.945,2.810,0.950,0.62,0.11
R264K/T505A,2.712,2.590,0.880,0.58,0.14
R264K/N315D,2.534,,,,0.17
R264K/I390L,2.456,,,,0.16
F338Y/T505A,2.398,,,,0.19
R264K/L427M,2.345,,,,0.20
F338Y/N315D,2.312,,,,0.18
R264K/K371R,2.278,,,,0.22
T505A/N315D,2.245,,,,0.21
R264K/E352Q,2.212,,,,0.24
F338Y/I390L,2.178,,,,0.23
R264K/A285V,2.145,,,,0.26
F338Y/L427M,2.112,,,,0.25
R264K/S449T,2.078,,,,0.28
T505A/I390L,2.045,,,,0.27
F338Y/K371R,2.012,,,,0.30
