variant,mutation,y_pred
L109R,L109R,0.9996
E417D,E417D,0.9359
V111S,V111S,0.9301
S210N,S210N,0.9195
R106M,R106M,0.9132
R314T,R314T,0.9119
N115S,N115S,0.9043
A488F,A488F,0.9006
L392E,L392E,0.8985
A507E,A507E,0.8972
I162W,I162W,0.889
F52Q,F52Q,0.8847
L109V,L109V,0.8768
E509I,E509I,0.875
C128R,C128R,0.8698
E69S,E69S,0.8377
H100R,H100R,0.8295
A507G,A507G,0.8093
Y44G,Y44G,0.8091
K163H,K163H,0.8052
S80H,S80H,0.7806
N32V,N32V,0.7759
G248E,G248E,0.7718
K466T,K466T,0.7611
T74P,T74P,0.7504
V500S,V500S,0.7425
T235F,T235F,0.7407
F312I,F312I,0.7308
L365Q,L365Q,0.7219
W504D,W504D,0.708
K544M,K544M,0.704
P246S,P246S,0.6998
P510N,P510N,0.6927
A350T,A350T,0.6735
K163W,K163W,0.6678
Q60L,Q60L,0.6634
T486D,T486D,0.6531
A193C,A193C,0.6504
W543I,W543I,0.6376
K550Y,K550Y,0.6195
D537K,D537K,0.6193
K140V,K140V,0.617
K147N,K147N,0.6074
T431V,T431V,0.5969
F27Q,F27Q,0.5848
V16C,V16C,0.5009
C285F,C285F,0.4688
R143Y,R143Y,0.4633
K552F,K552F,0.4386
F425G,F425G,0.4297
